{
  "train_loss": [
    3.365694046020508,
    2.547398222817315,
    2.0293697781032987,
    1.734927495320638,
    1.256469276216295,
    0.8338140447934469,
    0.7340387437078688,
    0.6932748092545403,
    0.6789441174930997,
    0.6657791535059611,
    0.6648953159650167,
    0.6609291632970175,
    0.6563690437210931,
    0.6522460712326897,
    0.6521668897734748,
    0.6500997278425429,
    0.6489853196673923,
    0.6489490866661072,
    0.6467467546463013,
    0.6450218094719781,
    0.6440409355693393,
    0.6442236171828376,
    0.6430870559480455,
    0.6428197357389662,
    0.6423668795161777,
    0.6413729588190714,
    0.6420918504397074,
    0.6412090526686774,
    0.640943361653222,
    0.6406827900144789,
    0.6399805612034268,
    0.6394959688186646,
    0.639585018157959,
    0.6389039423730638,
    0.639041456911299,
    0.6384316086769104,
    0.6380833917193942,
    0.6382673051622179
  ],
  "val_loss": [
    2.6780405044555664,
    2.031323194503784,
    1.6950688362121582,
    1.3478986024856567,
    0.8204177021980286,
    0.7957261800765991,
    0.7428038716316223,
    0.728777289390564,
    0.7219676971435547,
    0.6882694959640503,
    0.6986408233642578,
    0.7046223282814026,
    0.6750398874282837,
    0.6796740293502808,
    0.6731891632080078,
    0.6741744875907898,
    0.6696193814277649,
    0.6741905808448792,
    0.6720294952392578,
    0.6670522093772888,
    0.6729732751846313,
    0.6649243831634521,
    0.6647694706916809,
    0.6620641946792603,
    0.6608940958976746,
    0.6613940596580505,
    0.6601718664169312,
    0.6609213352203369,
    0.6591614484786987,
    0.6536484956741333,
    0.6580537557601929,
    0.6574351191520691,
    0.6522254347801208,
    0.6589765548706055,
    0.6543020606040955,
    0.6573835015296936,
    0.6533909440040588,
    0.6542186737060547
  ],
  "learning_rate": [
    2.2222222222222223e-05,
    4.222222222222222e-05,
    6.222222222222222e-05,
    8.222222222222222e-05,
    9.999849572398839e-05,
    9.98496470583896e-05,
    9.945793592319136e-05,
    9.882527069566965e-05,
    9.79547336572177e-05,
    9.685056597678075e-05,
    9.551814704830734e-05,
    9.396396828288272e-05,
    9.219560148322654e-05,
    9.022166195463111e-05,
    8.805176653206004e-05,
    8.569648672789497e-05,
    8.316729722858987e-05,
    8.047651999115217e-05,
    7.763726421180664e-05,
    7.466336245930927e-05,
    7.156930328406268e-05,
    6.837016063135491e-05,
    6.508152040261328e-05,
    6.171940452245924e-05,
    5.8300192881502214e-05,
    5.484054353515896e-05,
    5.135731154728215e-05,
    4.7867466873983464e-05,
    4.438801168771327e-05,
    4.0935897544385426e-05,
    3.752794279710094e-05,
    3.418075065882217e-05,
    3.091062831318825e-05,
    2.773350746755553e-05,
    2.4664866735320884e-05,
    2.171965622567308e-05,
    1.8912224708163563e-05,
    1.6256249706943628e-05
  ]
}